"BusTID","InternalNo","BusPlate","SIMCode"
"161201110826406","5902","粤G58215","8986011674520048335"
"161203113110999","3702","粤G56877","8986011474520008638S"
"161203115256665","3701","粤G56925","8986011474520008644S"
"161205095629431","3704","粤G56817","8986011626520021176S"
"161205095741850","3705","粤G56836",""
"161205095842203","3706","粤G56896","8986011474520008636S"
"161205095945424","3708","粤G56847","8986011474520008615S"
"161205100048328","3709","粤G56861","8986011474520008618S"
"161205100353166","3710","粤G56908","8986011474520008643S"
"170222143806195","3703","粤G56883","8986011474520008645S"
"170223165532551","3007","粤G58357","8986011674520048326S"
"170223174237151","11112","12131321",""
"170224145157644","3001","粤G58301","8986011674520048320S"
"170224164905962","3003","粤G58307","8986011674520048322S"
"170224165140831","3006","粤G58339","8986011674520048325S"
"170224195525666","3014","粤G58311","8986011674520048333S"
"170225114038154","3010","粤G58350","8986011674520048329S"
"170225114644600","3002","粤G58302","8986011674520048321S"
"170225121004486","3004","粤G58335","8986011674520048323S"
"170225121354208","21007","粤G58290","8986011674520048331S"
"170225121807975","3009","粤G58312","8986011674520048328S"
"170225125322697","3016","粤G58280","8986011674520048204S"
"170225131005731","3011","粤G58296","8986011674520048330S"
"170225131221557","3005","粤G58303","8986011674520048324S"
"170225132143708","3015","粤G58297","8986011674520048334S"
"170227092244574","3013","粤G58247","8986011674520048332S"
"170227093344478","3008","粤G58328","8986011674520048327S"
"170227175709923","3707","粤G56891","8986011474520008596S"
"170320144116532","80909","粤G58141",""
"170320150338590","80911","粤G58256",""
"170320151035438","80907","粤G58293",""
"170320152954103","21008","粤G58295",""
"170320153720834","21006","粤G58175",""
"170320154333105","80904","粤G58246",""
"170320155819351","80905","粤G58145",""
"170320161305112","80901","粤G58217",""
"170320162514688","80908","粤G58253",""
"170321105302179","80903","粤G58040",""
"170325184311418","2509","粤G58325","8986011674520048209"
"170328222232862","80902","粤G58317",""
"170401111821221","2506","粤G58300","8986011674520048063"
"170401115336408","2510","粤G57405","8986011674520048064"
"170401135540827","2502","粤G58326","8986011674520048024"
"170401140017762","2503","粤G58336",""
"170401141018858","2501","粤G58249","8986011674520048026"
"170401141936702","2504","粤G58356","8986011674520048203"
"170401143839521","2508","粤G58438","8986011674520048021"
"170401154940356","2507","粤G58313","8986011674520048037"
"170401160034514","2505","粤G58306","8986011674520048210"
"170405112553434","霞机99","粤G88888",""
"40288dee5b476aa5015b5aef40390306","3110","粤G52821",""
"40288dee5b476aa5015b5bf9f64e03d1","0102","粤G55747","14546971589"
"40288dee5b476aa5015b5bfa946703d3","0103","粤G55947","14546971587"
"40288dee5b476aa5015b5bfd77f003db","0107","粤G55457","14546971461"
"40288dee5b476aa5015b5bfe13e003dd","0108","粤G56138","14546971585"
"40288dee5b476aa5015b5bfee25b03df","0109","粤G55240","14546971566"
"40288dee5b476aa5015b5c00762303e3","0111","粤G55740","14546971603"
"40288dee5b476aa5015b5c01402703e5","0112","粤G55945","14546971593"
"40288dee5b476aa5015b5c01fddf03e7","0113","粤G55647","14546971600"
"40288dee5b476aa5015b5c02a45d03e9","0114","粤G55841","14546971582"
"40288dee5b476aa5015b5c0424e003ed","0116","粤G55041","14546971595"
"40288dee5b476aa5015b602981ed0575","机动车01","粤G585691",""
"40288dee5b476aa5015b602a4ce50577","4813","粤G58499",""
"40288dee5b476aa5015b602b0a700579","4814","粤G58508","8986011626520021152"
"40288dee5b476aa5015b602d197e057b","22312","粤G58569","8986011626520021209S"
"40288dee5b476aa5015b602df594057d","宝钢13","粤G58169",""
"170412203525625","0101","粤G56149","14546971570"
"170413194858447","1603","粤G58343","8986011674520048498"
"170413202325307","0115","粤G55427","14546971568"
"170413214247131","0106","粤G54947","14546971576"
"170414213856520","0110","粤G54941","14546971604"
"170414220235514","0118","粤G55247","14546972108"
"170414222306775","0105","粤G55940","14546994945"
"170414224607779","0117","粤G55470","14546971552"
"170415001011123","0104","粤G56156","14546971572"
"40288dee5b476aa5015b5c2fc64f0457","1618","粤G58397","8986011674520048361"
"40288dee5b476aa5015b5c2f0a530455","1617","粤G56740","8986011626520021223"
"40288dee5b476aa5015b5c2e58260453","1616","粤G57140","8986011626520021222"
"40288dee5b476aa5015b5c2d9a7c0451","1615","粤G58395","8986011674520048364"
"40288dee5b476aa5015b5c2cd63b044f","1614","粤G58400","8986011674520048359"
"40288dee5b476aa5015b5c2c4646044d","1613","粤G58391","8986011674520048358"
"40288dee5b476aa5015b5c2b72be044b","1612","粤G58402","8986011674520048504"
"40288dee5b476aa5015b5c2a9d700449","1611","粤G58411","8986011674520048499"
"40288dee5b476aa5015b5c29ef7b0447","1610","粤G58393","8986011674520048496"
"40288dee5b476aa5015b5c2911080445","1608","粤G56595","14546971889"
"40288dee5b476aa5015b5c2858930443","1607","粤G58389","8986011674520048363"
"40288dee5b476aa5015b5c2774330441","1606","粤G58396","8986011674520048365"
"40288dee5b476aa5015b5c26c07c043f","1605","粤G58399","8986011674520048501"
"40288dee5b476aa5015b5c25c8fc043d","1604","粤G56705",""
"40288dee5b476aa5015b5c246f140439","1602","粤G58387","8986011674520048500"
"40288dee5b476aa5015b5c23b1d70437","1601","粤G57541","8986011674520048357"
"170420212003319","5904","粤G58240","8986011674520048336"
"170420213150173","5903","粤G58243","8986011674520048337"
"170420224803700","5906","粤G58320","8986011674520048338"
"170420225100400","5901","粤G58140","8986011674520048208"
"40288dee5b476aa5015b5c4bc4620477","4204","粤G58096","8986011674520048004"
"40288dee5b476aa5015b65c57b850794","西站04","粤G52105",""
"40288dee5b476aa5015b65c4bc2e0792","西站03","粤G52383",""
"40288dee5b476aa5015b65c3e1310790","西站02","粤G52382",""
"40288dee5b476aa5015b65bd4977078e","西站01","粤G52381","14546995408"
"40288dee5b476aa5015b617544f10695","23004","粤G56547","14546971501"
"40288dee5b476aa5015b61740ab20693","23003","粤G56585","14546971919"
"40288dee5b476aa5015b61735c9c0691","23002","粤G56872","8986011474520008599S"
"40288dee5b476aa5015b61728300068f","23001","粤G56812","8986011474520008623S"
"40288dee5b476aa5015b6577a4860760","麻章01","粤G49013",""
"40288dee5b476aa5015b65bc5add078c","0609","粤G52373",""
"40288dee5b476aa5015b65bb7058078a","0608","粤G52408","14546994910"
"40288dee5b476aa5015b65b7f8050788","0607","粤G52257","14546995324"
"40288dee5b476aa5015b658c708b0786","0606","粤G52156","14546995646"
"40288dee5b476aa5015b658b7d9e0784","0605","粤G52390","14546995486"
"40288dee5b476aa5015b658aa31d0782","0603","粤G52388","14546960093"
"40288dee5b476aa5015b6589e7b60780","0602","粤G52392","14546995479"
"40288dee5b476aa5015b6588b53b077e","0601","粤G52380","14546995784"
"40288dee5b476aa5015b658264ba0774","0310","粤G53946","14546995743"
"40288dee5b476aa5015b65818f250772","0309","粤G53948","14546994857"
"40288dee5b476aa5015b6580ac790770","0308","粤G52358","14546995048"
"40288dee5b476aa5015b657fe12f076e","0307","粤G52321","14546995014"
"40288dee5b476aa5015b657f2b82076c","0306","粤G52332","14546994893"
"40288dee5b476aa5015b657e5e20076a","0305","粤G52329","14546995417"
"40288dee5b476aa5015b657d7ae80768","0313","粤G52317","14546994964"
"40288dee5b476aa5015b657c137b0766","0303","粤G52210","14546971337"
"40288dee5b476aa5015b657ad1160764","0302","粤G52306","14546995419"
"40288dee5b476aa5015b6579c07f0762","0301","粤G53961","14546995114"
"40288dee5b476aa5015b5ab90a39027f","0001","粤G52832",""
"40288dee5b476aa5015b5aba42210281","21003","粤G56521","14546971928"
"40288dee5b476aa5015b5abb59f10283","21005","粤G56608","14546971882"
"40288dee5b476aa5015b65cc9bbf07a0","1807","粤G54407",""
"40288dee5b476aa5015b65cbc998079e","1806","粤G54583",""
"40288dee5b476aa5015b65caf36b079c","1805","粤G54562",""
"40288dee5b476aa5015b65c98aa1079a","1803","粤G54567",""
"40288dee5b476aa5015b65c8a6f80798","1802","粤G54457",""
"40288dee5b476aa5015b65d071bd07a8","1401","粤G54580",""
"40288dee5b476aa5015b65cf534607a6","1402","粤G54420",""
"40288dee5b476aa5015b65ce8ab507a4","1404","粤G54566",""
"40288dee5b476aa5015b65cda56607a2","1403","粤G54577",""
"40288dee5b476aa5015b5d00150304f5","22311","粤G51000","14546995488"
"40288dee5b476aa5015b5cfe1e9504f3","22310","粤G58482","8986011626520021159S"
"40288dee5b476aa5015b5cfce57904f1","22309","粤G58588","8986011626520021162S"
"40288dee5b476aa5015b5cfb525e04ef","22308","粤G58496","8986011626520021161S"
"40288dee5b476aa5015b5cf74c1804ed","22307","粤G58568","8986011626520021163S"
"40288dee5b476aa5015b5cf2314404eb","22306","粤G58528","8986011626520021158S"
"40288dee5b476aa5015b5cf0f4b004e9","22305","粤G58527","8986011626520021167S"
"40288dee5b476aa5015b5cef9fd304e7","22304","粤G58450","8986011474520008185S"
"40288dee5b476aa5015b5cee4a9504e5","22303","粤G58558","8986011626520021176S"
"40288dee5b476aa5015b5c8d1fc504e3","22302","粤G58566","8986011626520021157S"
"40288dee5b476aa5015b5c8b57e004e1","22301","粤G58419","8986011626520021160S"
"40288dee5b476aa5015b601a18ff0561","宝满02","粤G47202",""
"40288dee5b476aa5015b6018e896055f","宝满01","粤G49002",""
"40288dee5b476aa5015b5bf6bdd803c9","学专03","粤G46741",""
"40288dee5b476aa5015b5bf5d1fc03c7","学专02","粤G47228",""
"40288dee5b476aa5015b5bf4ad4803c5","学专01","粤G47223",""
"40288dee5b476aa5015b65878829077c","0402","粤G54501",""
"40288dee5b476aa5015b65868b75077a","0401","粤G54556",""
"40288dee5b476aa5015b65f6362f080c","6301","粤G54007","14546995143"
"40288dee5b476aa5015b65f6ec93080e","6302","粤G5226",""
"40288dee5b476aa5015b65f77f690810","6303","粤G52313","14546995294"
"40288dee5b476aa5015b65f829860812","6304","粤G52360","14546995184"
"40288dee5b476aa5015b65f8b8a70814","6305","粤G52260","14546994988"
"40288dee5b476aa5015b65f09fd107f8","3301","粤G56748","14546971321"
"40288dee5b476aa5015b65f12cae07fa","3302","粤G56765","14546971301"
"40288dee5b476aa5015b65f1b96607fc","3303","粤G56757","14546971285"
"40288dee5b476aa5015b65f258f107fe","3304","粤G56789",""
"40288dee5b476aa5015b65f2dc240800","3305","粤G56749","14546971316"
"40288dee5b476aa5015b65f3717f0802","3306","粤G56788","14546971291"
"40288dee5b476aa5015b65f3f38b0804","3307","粤G56775","14546971306"
"40288dee5b476aa5015b65f483b70806","3308","粤G56763","14546971323"
"40288dee5b476aa5015b65f510740808","3309","粤G56759","14546971286"
"40288dee5b476aa5015b65f592aa080a","3310","粤G56758","14546971717"
"40288dee5b476aa5015b65da716c07c2","0901","粤G54019","14546995194"
"40288dee5b476aa5015b65db55f907c4","0902","粤G54411","14546994938"
"40288dee5b476aa5015b65dc08f907c6","0903","粤G54018","14546995004"
"40288dee5b476aa5015b65ddae8b07c8","0904","粤G52150","14546994993"
"40288dee5b476aa5015b65df980407ca","0905","粤G54027","14546995492"
"40288dee5b476aa5015b65e063cc07cc","0906","粤G54449","14546995447"
"40288dee5b476aa5015b65e11f6707ce","0907","粤G54001",""
"40288dee5b476aa5015b65e1dd9907d0","0908","粤G52401","14546994917"
"40288dee5b476aa5015b65e2aa6707d2","0909","粤G54408","8986011626520021232"
"40288dee5b476aa5015b65e3581407d4","0910","粤G54012","14546995364"
"40288dee5b476aa5015b65e4069a07d6","0911","粤G54406","14546995420"
"40288dee5b476aa5015b65e4daaa07d8","0912","粤G52353","14546960123"
"40288dee5b476aa5015b65e59cf107da","0913","粤G54011","8986011626520021230"
"40288dee5b476aa5015b65e63b3e07dc","0914","粤G54000","14546994960"
"40288dee5b476aa5015b65e6f76307de","0915","粤G52115","14546995466"
"40288dee5b476aa5015b65e78c2d07e0","0916","粤G52325","14546995074"
"40288dee5b476aa5015b6023ffb1056f","9706","粤G45040",""
"40288dee5b476aa5015b60233c31056d","9705","粤G45961",""
"40288dee5b476aa5015b60220591056b","9703","粤G45877",""
"40288dee5b476aa5015b602167ee0569","22002","粤G566191","14546971722"
"40288dee5b476aa5015b60208b060567","22001","粤G566061","14546971736"
"40288dee5b476aa5015b5bf0520103ba","21001","粤G56710","14546971610"
"40288dee5b476aa5015b5befb06b03b8","0808","粤G56746","14546971519"
"40288dee5b476aa5015b5bef07fb03b6","0807","粤G56643","14546971608"
"40288dee5b476aa5015b5bee738d03b4","0806","粤G56856","14546971667"
"40288dee5b476aa5015b5beddf5b03b2","0805","粤G56805","14546971653"
"40288dee5b476aa5015b5becbdcb03b0","0804","粤G56806","14546971616"
"40288dee5b476aa5015b5bebead303ae","0802","粤G56790","14546971611"
"40288dee5b476aa5015b5bead58b03ac","3506","粤G56783","14546971436"
"40288dee5b476aa5015b5be5f16303a0","82101","粤G47233",""
"40288dee5b476aa5015b5be6cf2003a2","82102","粤G46341",""
"40288dee5b476aa5015b5be7b42e03a4","82103","粤G47160",""
"40288dee5b476aa5015b5be86dbf03a6","82104","粤G47229",""
"40288dee5b476aa5015b5be91e8b03a8","82105","粤G47222",""
"40288dee5b476aa5015b5be9f93c03aa","82106","粤G47219",""
"40288dee5b476aa5015b5bdaa4430384","82001","粤G47826",""
"40288dee5b476aa5015b5bdb90050386","82002","粤G47839",""
"40288dee5b476aa5015b5bdc6d280388","82003","粤G47810",""
"40288dee5b476aa5015b5bdd3811038a","82004","粤G47196",""
"40288dee5b476aa5015b5bddfe04038c","82005","粤G47801",""
"40288dee5b476aa5015b5bdeac58038e","82006","粤G47807",""
"40288dee5b476aa5015b5bdf5d340390","82007","粤G47691",""
"40288dee5b476aa5015b5be010130392","82008","粤G47703",""
"40288dee5b476aa5015b5be0fcce0394","82010","粤G47203",""
"40288dee5b476aa5015b5be1c7740396","82011","粤G47748",""
"40288dee5b476aa5015b5be2a0e10398","82012","粤G47751",""
"40288dee5b476aa5015b5be35950039a","82013","粤G47652",""
"40288dee5b476aa5015b5be42535039c","82014","粤G48937",""
"40288dee5b476aa5015b5be4f905039e","82015","粤G48647",""
"40288dee5b476aa5015b600ef5270547","81601","粤G47717",""
"40288dee5b476aa5015b600fc7ff0549","81603","粤G47738",""
"40288dee5b476aa5015b60107290054b","81604","粤G47836",""
"40288dee5b476aa5015b6011a9e9054d","81605","粤G47731",""
"40288dee5b476aa5015b60127dae054f","81606","粤G47825",""
"40288dee5b476aa5015b601323cd0551","81608","粤G47821",""
"40288dee5b476aa5015b60140eae0553","81609","粤G47800",""
"40288dee5b476aa5015b6014d3260555","81612","粤G47832",""
"40288dee5b476aa5015b601580170557","81614","粤G47828",""
"40288dee5b476aa5015b601651180559","81615","粤G47739",""
"40288dee5b476aa5015b601722ee055b","81617","粤G47189",""
"40288dee5b476aa5015b6017f52c055d","81618","粤G49102",""
"40288dee5b476aa5015b655c09d80724","81306","粤G48976",""
"40288dee5b476aa5015b655b4e340722","81305","粤G48905",""
"40288dee5b476aa5015b655aa59d0720","81304","粤G48967",""
"40288dee5b476aa5015b6559ef3e071e","81303","粤G48705",""
"40288dee5b476aa5015b655934c8071c","81302","粤G48949",""
"40288dee5b476aa5015b65583375071a","81301","粤G48340",""
"40288dee5b476aa5015b60095d98053b","80801","粤G47230",""
"40288dee5b476aa5015b600a5a09053d","80803","粤G47147",""
"40288dee5b476aa5015b600bb1a0053f","80804","粤G47192",""
"40288dee5b476aa5015b600c6e0a0541","80805","粤G47221",""
"40288dee5b476aa5015b600d87ef0543","80806","粤G46942",""
"40288dee5b476aa5015b600e2cec0545","80807","粤G47047",""
"40288dee5b476aa5015b61b0461b070a","80709","粤G58262",""
"40288dee5b476aa5015b61af8b050708","80708","粤G58271",""
"40288dee5b476aa5015b61aee1ce0706","80707","粤G58261",""
"40288dee5b476aa5015b61aad1810704","80706","粤G58220",""
"40288dee5b476aa5015b61aa1f7e0702","80705","粤G58266",""
"40288dee5b476aa5015b61a980100700","80704","粤G58202",""
"40288dee5b476aa5015b61a8e70706fe","80703","粤G58269",""
"40288dee5b476aa5015b61a83ab306fc","80702","粤G58263",""
"40288dee5b476aa5015b61a7a49b06fa","80701","粤G58268","8986011626520021233S"
"40288dee5b476aa5015b61b0e716070c","80710","粤G58205",""
"40288dee5b476aa5015b61b18293070e","80711","粤G58216",""
"40288dee5b476aa5015b61b20d790710","80712","粤G58211",""
"40288dee5b476aa5015b61b2a5bc0712","80713","粤G58248",""
"40288dee5b476aa5015b61b32af00714","80714","粤G58203","8986011474520008540S"
"40288dee5b476aa5015b6556b3b80716","80715","粤G58231","8986011474520008537S"
"40288dee5b476aa5015b6557706f0718","80716","粤G58200",""
"40288dee5b476aa5015b5b7268440362","80601","粤G47137",""
"40288dee5b476aa5015b5b7322550364","80602","粤G47161",""
"40288dee5b476aa5015b5b7411d70366","80603","粤G47162",""
"40288dee5b476aa5015b5b74ba750368","80604","粤G47130",""
"40288dee5b476aa5015b5b7585dd036a","80605","粤G47131",""
"40288dee5b476aa5015b5b7656a8036c","80606","粤G47102",""
"40288dee5b476aa5015b5b68fb24034e","80501","粤G47101",""
"40288dee5b476aa5015b5b69fd330350","80502","粤G47146",""
"40288dee5b476aa5015b5b6b18cc0352","80503","粤G47132",""
"40288dee5b476aa5015b5b6be3a40354","80504","粤G47041",""
"40288dee5b476aa5015b5b6ca4cc0356","80505","粤G47181",""
"40288dee5b476aa5015b5b6da2970358","80506","粤G47198",""
"40288dee5b476aa5015b5b6ec390035a","80507","粤G47135",""
"40288dee5b476aa5015b5b6f9f47035c","80508","粤G47226",""
"40288dee5b476aa5015b5b70869d035e","80509","粤G47051",""
"40288dee5b476aa5015b5b7179310360","80510","粤G47733",""
"40288dee5b476aa5015b6007748a0539","80409","粤G45942",""
"40288dee5b476aa5015b5ff058a50537","80408","粤G45902",""
"40288dee5b476aa5015b5fef90df0535","80407","粤G45943",""
"40288dee5b476aa5015b5feebdc10533","80405","粤G49048",""
"40288dee5b476aa5015b5fedde500531","80404","粤G45751",""
"40288dee5b476aa5015b5fecf97a052f","80403","粤G49183",""
"40288dee5b476aa5015b5fec266e052d","80402","粤G47163",""
"40288dee5b476aa5015b5feb1e0a052b","80401","粤G47120",""
"40288dee5b476aa5015b5fddcae1050f","80201","粤G47182",""
"40288dee5b476aa5015b5fdea5280511","80202","粤G47216",""
"40288dee5b476aa5015b5fdf82240513","80203","粤G49001",""
"40288dee5b476aa5015b5fe0ff170515","80204","粤G49078",""
"40288dee5b476aa5015b5fe1f5760517","80205","粤G46147",""
"40288dee5b476aa5015b5fe2d3c20519","80206","粤G47833",""
"40288dee5b476aa5015b5fe45251051b","80207","粤G47842",""
"40288dee5b476aa5015b5fe53b30051d","80208","粤G47541",""
"40288dee5b476aa5015b5fe5f35f051f","80209","粤G49068",""
"40288dee5b476aa5015b5fe7090c0521","80210","粤G49178",""
"40288dee5b476aa5015b5fe7e2c10523","80211","粤G47166",""
"40288dee5b476aa5015b5fe8b0f70525","80212","粤G47177",""
"40288dee5b476aa5015b5fe96f590527","80216","粤G49186",""
"40288dee5b476aa5015b5fea1dd20529","80217","粤G49198",""
"40288dee5b476aa5015b61a2037706ec","80101","粤G47217",""
"40288dee5b476aa5015b61a2b59d06ee","80102","粤G47218",""
"40288dee5b476aa5015b61a37ac206f0","80103","粤G47180",""
"40288dee5b476aa5015b61a40e8206f2","80104","粤G47167",""
"40288dee5b476aa5015b61a4b0d706f4","80105","粤G47201",""
"40288dee5b476aa5015b61a5626906f6","80106","粤G47187",""
"40288dee5b476aa5015b61a6a8d806f8","80107","粤G47737",""
"40288dee5b476aa5015b5c78a97804c9","4801","粤G58509","8986011626520021173"
"40288dee5b476aa5015b5c7980b804cb","4802","粤G58467","8986011626520021174"
"40288dee5b476aa5015b5c7ae67c04cd","4803","粤G58476","8986011626520021175"
"40288dee5b476aa5015b5c7cc71d04cf","4804","粤G58572","8986011626520021168"
"40288dee5b476aa5015b5c7dc8e704d1","4805","粤G58578","8986011626520021170"
"40288dee5b476aa5015b5c819fb304d3","4806","粤G58505","8986011626520021166"
"40288dee5b476aa5015b5c855b2f04d9","4809","粤G58542",""
"40288dee5b476aa5015b5c8466fa04d7","4808","粤G58507","8986011626520021169"
"40288dee5b476aa5015b5c8331f804d5","4807","粤G55555",""
"40288dee5b476aa5015b5c86ab5804db","4810","粤G58550","8986011626520021171"
"40288dee5b476aa5015b5c87aa0904dd","4811","粤G58571","8986011626520021164"
"40288dee5b476aa5015b5c88ea7d04df","4812","粤G58452","8986011626520021172"
"40288dee5b476aa5015b6192b4ca06ce","7314","粤G56918","8986011372520019185L"
"40288dee5b476aa5015b6192143a06cc","7312","粤G56839","8986011474520002075S"
"40288dee5b476aa5015b61918dd506ca","7310","粤G56431","8986011474520008579S"
"40288dee5b476aa5015b6190efd806c8","7309","粤G56876","8986011626520021227S"
"40288dee5b476aa5015b61906ec006c6","7308","粤G56898","8986011372520019170L"
"40288dee5b476aa5015b618fe77a06c4","7307","粤G56867","8986011626520021228S"
"40288dee5b476aa5015b618f451106c2","7306","粤G56909","8986011474520002093S"
"40288dee5b476aa5015b618ea91a06c0","7305","粤G56890","8986011485104264638S"
"40288dee5b476aa5015b618e1fdc06be","7304","粤G56837","8986011474520008601S"
"40288dee5b476aa5015b618d8b0c06bc","7303","粤G56858","8986011372520019202L"
"40288dee5b476aa5015b618cef2506ba","7302","粤G56882","8986011372520019291L"
"40288dee5b476aa5015b618c5a5506b8","7301","粤G56821","8986011372520019187L"
"40288dee5b476aa5015b5d9ce4e7050d","07202","粤G52346","14546994996"
"40288dee5b476aa5015b5d9bca5a050b","7201","粤G50000","14546995140"
"40288dee5b476aa5015b604e587d0591","0509","粤G58341","8986011626520021192"
"40288dee5b476aa5015b6036a33d058f","0508","粤G58529","8986011674520048348"
"40288dee5b476aa5015b6035c87d058d","0507","粤G58437","8986011626520021150"
"40288dee5b476aa5015b6034882f058b","0506","粤G58532","8986011626520021148"
"40288dee5b476aa5015b6032f86f0589","0505","粤G58502","8986011626520021149"
"40288dee5b476aa5015b603245650587","0504","粤G58533","8986011626520021147"
"40288dee5b476aa5015b603159410585","0503","粤G57451","8986011626520021178"
"40288dee5b476aa5015b603066840583","0502","粤G58541","8986011674520048347"
"40288dee5b476aa5015b602fa03a0581","0501","粤G58548","8986011674520048346"
"40288dee5b476aa5015b6057a6730593","0510","粤G58517","8986011626520021196"
"40288dee5b476aa5015b60589a180595","0511","0511","14546971911"
"40288dee5b476aa5015b605960f50597","0513","粤G58435","8986011626520021190"
"40288dee5b476aa5015b605a0f470599","0514","粤G58473",""
"40288dee5b476aa5015b605ac2ff059b","0515","粤G58535","8986011626520021199"
"40288dee5b476aa5015b605b764d059d","0516","粤G58475","8986011674520048353"
"40288dee5b476aa5015b605c6bb5059f","0517","粤G58479","8986011626520021189"
"40288dee5b476aa5015b605d9c8b05a1","0518","粤G58416",""
"40288dee5b476aa5015b605e6d6b05a3","0519","粤G56752",""
"40288dee5b476aa5015b605f674105a5","0520","粤G58407","8986011626520021195"
"40288dee5b476aa5015b619f0e0206ea","4606","粤G58526","8986011674520048471"
"40288dee5b476aa5015b619e896406e8","4605","粤G58413","8986011674520048356"
"40288dee5b476aa5015b619df24f06e6","4604","粤G58453",""
"40288dee5b476aa5015b619d5dca06e4","4603","粤G58510","8986011674520048473"
"40288dee5b476aa5015b619cad0f06e2","4602","粤G58477","8986011674520048476"
"40288dee5b476aa5015b61994cfb06e0","4601","粤G58427","8986011674520048477"
"40288dee5b476aa5015b5b649209034a","3505","粤G58405","14546994968"
"40288dee5b476aa5015b5b636c770348","3504","粤G58417","14546971691"
"40288dee5b476aa5015b5b61e5990344","3502","粤G57341","14546971457"
"40288dee5b476aa5015b5b60eec50342","3414","粤G56647","8986011626520021231S"
"40288dee5b476aa5015b5b60354d0340","4404","粤G50002","14546971705"
"40288dee5b476aa5015b5b5efbcb033e","3501","粤G57401","14546971629"
"40288dee5b476aa5015b5b3fb186033c","4402","粤G50001","14546971689"
"40288dee5b476aa5015b5b3dc315033a","2309","粤G56901","14546995429"
"40288dee5b476aa5015b5c5540be0491","4301","粤G58543","8986011674520048508"
"40288dee5b476aa5015b5c55ebcc0493","4302","粤G58556","8986011674520048507"
"40288dee5b476aa5015b5c56a6df0495","4303","粤G58521","8986011674520048506"
"40288dee5b476aa5015b5c5748720497","4304","粤G58472","8986011626520021186"
"40288dee5b476aa5015b5c57f3920499","4305","粤G58511","8986011626520021254"
"40288dee5b476aa5015b5c58dfa4049b","4306","粤G56581","14529702318"
"40288dee5b476aa5015b5c59cbb6049d","4307","粤G54942","14546971768"
"40288dee5b476aa5015b5c5a9d62049f","4308","粤G58493","8986011626520021184"
"40288dee5b476aa5015b5c5b577304a1","4309","粤G58460",""
"40288dee5b476aa5015b5c60514b04ab","3402","3402","14546995242"
"40288dee5b476aa5015b5c5f4e2d04a9","4313","粤G56742","14546971516"
"40288dee5b476aa5015b5c5dcc4c04a7","4312","粤G58463","8986011674520048345"
"40288dee5b476aa5015b5c5c418c04a3","4310","粤G56475",""
"40288dee5b476aa5015b5c546496048f","4216","粤G58135","8986011674520048016"
"40288dee5b476aa5015b5c539bb3048d","4215","粤G58138","8986011674520048015"
"40288dee5b476aa5015b5c52ef2f048b","4214","粤G58091","8986011674520048014"
"40288dee5b476aa5015b5c5240710489","4213","粤G58125","8986011674520048013"
"40288dee5b476aa5015b5c5176b00487","4212","粤G58087","8986011626520021188"
"40288dee5b476aa5015b5c50cff10485","4211","粤G58111","8986011674520048011"
"40288dee5b476aa5015b5c5018610483","4210","粤G58098","8986011674520048010"
"40288dee5b476aa5015b5c48f23b0471","4201","粤G58057","8986011674520048001"
"40288dee5b476aa5015b5c4999800473","4202","粤G58093","8986011674520048002"
"40288dee5b476aa5015b5c4af6e60475","4203","粤G58092","8986011674520048003"
"40288dee5b476aa5015b5c4c7f260479","4205","粤G58088","8986011626520021244"
"40288dee5b476aa5015b5c4d4b70047b","4206","粤G58095","8986011674520048006"
"40288dee5b476aa5015b5c4e0573047d","4207","粤G58186","8986011674520048007"
"40288dee5b476aa5015b5c4ed5ae047f","4208","粤G58086","8986011674520048008"
"40288dee5b476aa5015b5c4f7a0a0481","4209","粤G58107","8986011674520040089"
"40288dee5b476aa5015b5c30a7640459","4101","粤G58458","8986011674520048344"
"40288dee5b476aa5015b5c316dc7045b","4102","粤G58500","8986011626520021153"
"40288dee5b476aa5015b5c321ed5045d","4103","粤G58495","8986011626520021181"
"40288dee5b476aa5015b5c32f94a045f","4104","粤G58465","8986011674520048341"
"40288dee5b476aa5015b5c3f778f0461","4105","粤G58490","8986011674520048345"
"40288dee5b476aa5015b5c4032fb0463","4106","粤G58489","8986011674520048346"
"40288dee5b476aa5015b5c4114830465","4107","粤G58497","8986011674520048343"
"40288dee5b476aa5015b5c41b9600467","4108","粤G58539","8986011674520048509"
"40288dee5b476aa5015b5c426e2b0469","4109","粤G58483","8986011674520048339"
"40288dee5b476aa5015b5c430b51046b","4110","粤G58537","8986011674520048141"
"40288dee5b476aa5015b5c43a050046d","4111","粤G58515","8986011674520048340"
"40288dee5b476aa5015b5c443750046f","4112","粤G58471","8986011674520048342"
"40288dee5b476aa5015b61939cc206d0","3901","粤G56545","14546971867"
"40288dee5b476aa5015b6194312f06d2","3902","粤G56401","14546971885"
"40288dee5b476aa5015b6194eab306d4","3903","粤G56508","14546971725"
"40288dee5b476aa5015b6195a23f06d6","3904","粤G56561","14546971901"
"40288dee5b476aa5015b6196392d06d8","3905","粤G56515","14546971762"
"40288dee5b476aa5015b6196d47806da","3906","粤G56417","14546971879"
"40288dee5b476aa5015b6197b1ec06dc","3907","粤G56586","14546972025"
"40288dee5b476aa5015b61988bb806de","3908","粤G56546","14546971948"
"40288dee5b476aa5015b618a19c206b6","3816","粤G58503","8986011674520048475S"
"40288dee5b476aa5015b6189854506b4","3815","粤G57845","8986011674520048472S"
"40288dee5b476aa5015b6188976906b2","3814","粤G58522","8986011674520048483S"
"40288dee5b476aa5015b6187fd4406b0","3813","粤G58420","8986011674520048484S"
"40288dee5b476aa5015b61876de606ae","3812","粤G58480","8986011674520048480S"
"40288dee5b476aa5015b6186da8a06ac","3811","粤G58525","8986011674520048474S"
"40288dee5b476aa5015b618646d006aa","3810","粤G58518","8986011674520048366S"
"40288dee5b476aa5015b618591ac06a8","3809","粤G58456","8986011674520048479S"
"40288dee5b476aa5015b6184edf706a6","3808","粤G58491","8986011674520048470S"
"40288dee5b476aa5015b618359f706a4","3807","粤G58429","8986011674520048355S"
"40288dee5b476aa5015b6182b5ef06a2","3806","粤G58538","8986011674520048481S"
"40288dee5b476aa5015b6182254306a0","3805","粤G58519","8986011674520048360S"
"40288dee5b476aa5015b61818649069e","3804","粤G58448","8986011674520048482S"
"40288dee5b476aa5015b617e56a30698","3801","粤G58513","8986011674520048495S"
"40288dee5b476aa5015b617eee2a069a","3802","粤G58441","8986011674520048493S"
"40288dee5b476aa5015b61806206069c","3803","粤G58488","8986011674520048478S"
"40288dee5b476aa5015b5b231cbf0328","3401","粤G56889","14546995254"
"40288dee5b476aa5015b5b2bcc7d032c","3403","粤G56932","14546994884"
"40288dee5b476aa5015b5b2ca6d1032e","3405","粤G56892",""
"40288dee5b476aa5015b5b315a0d0330","3406","粤G56895","14546969618"
"40288dee5b476aa5015b5b3234cd0332","3407","粤G56863",""
"40288dee5b476aa5015b5b367ff60338","3409","粤G56873","14546995534"
"40288dee5b476aa5015b5b3318d30334","3410","3410","14546995848"
"40288dee5b476aa5015b5b3481a00336","3411","粤G56881","14546995498"
"40288dee5b476aa5015b65e8b8eb07e2","3201","粤G54568",""
"40288dee5b476aa5015b65e96fdb07e4","3202","粤G54461",""
"40288dee5b476aa5015b65ea0b7607e6","3203","粤G54571",""
"40288dee5b476aa5015b65eab26307e8","3204","粤G54512",""
"40288dee5b476aa5015b65eb53cc07ea","3205","粤G54558",""
"40288dee5b476aa5015b65ebf34407ec","3206","粤G54507",""
"40288dee5b476aa5015b65ec9ec607ee","3207","粤G54582",""
"40288dee5b476aa5015b65ed53d407f0","3208","粤G54565",""
"40288dee5b476aa5015b65edfd3207f2","3209","粤G54537",""
"40288dee5b476aa5015b65ef7f5a07f6","3211","粤G54586",""
"40288dee5b476aa5015b65eeb24407f4","3210","粤G54578",""
"40288dee5b476aa5015b65d2429007aa","3101","粤G53942",""
"40288dee5b476aa5015b65d2f4f507ac","3102","粤G53955","14546995845"
"40288dee5b476aa5015b65d3a29807ae","3103","粤G53957","14546995412"
"40288dee5b476aa5015b65d449f007b0","3104","粤G52838","14546969531"
"40288dee5b476aa5015b65d4fa8207b2","3105","粤G52811","14546995440"
"40288dee5b476aa5015b65d5a1c107b4","3106","粤G52839","14546995403"
"40288dee5b476aa5015b65d656b407b6","3107","粤G52836",""
"40288dee5b476aa5015b65d6e8e907b8","3108","粤G52827",""
"40288dee5b476aa5015b65d78ac507ba","3109","粤G52833","14546995349"
"40288dee5b476aa5015b65d9ad3307c0","3119","粤G52315","14546994924"
"40288dee5b476aa5015b65d904a407be","3112","粤G53917","14546995740"
"40288dee5b476aa5015b65d8555c07bc","3111","粤G53966","14546994978"
"40288dee5b476aa5015b56858b370209","0234","粤G56826","14546960176"
"40288dee5b476aa5015b568482760207","0232","粤G56885",""
"40288dee5b476aa5015b5683b5ab0205","0230","粤G58089","8986011674520048061"
"40288dee5b476aa5015b5682fdce0203","0229","粤G58123","8986011674520048057"
"40288dee5b476aa5015b5681f48b0201","0228","粤G58102","8986011674520048056"
"40288dee5b476aa5015b5681394501ff","0227","粤G58073","8986011674520048048"
"40288dee5b476aa5015b56806f0e01fd","0226","粤G56807","14546972107"
"40288dee5b476aa5015b567fbd9b01fb","0225","粤G55641","14546960165"
"40288dee5b476aa5015b567eb4ea01f9","0224","粤G56725","14546960122"
"40288dee5b476aa5015b567dfae801f7","0223","粤G58101","8986011674520048047"
"40288dee5b476aa5015b567d431b01f5","0221","粤G56730","14546960052"
"40288dee5b476aa5015b567c77e901f3","0220","粤G54041","14546972109"
"40288dee5b476aa5015b567aa78701ef","0218","粤G58083","8986011674520048046"
"40288dee5b476aa5015b5679425401ed","0217","粤G56827","14546972112"
"40288dee5b476aa5015b56784ed101eb","0216","粤G58072","8986011674520048042"
"40288dee5b476aa5015b5677600901e9","0215","粤G58108","8986011674520048083"
"40288dee5b476aa5015b5676aee601e7","0214","粤G56822","14546960087"
"40288dee5b476aa5015b56749c6d01e3","0212","粤G56818","14546960201"
"40288dee5b476aa5015b56736ee301e1","0211","粤G56838","14546960177"
"40288dee5b476aa5015b5671a7f501df","0210","粤G58069","8986011674520048084"
"40288dee5b476aa5015b56700a5501dd","0209","粤G58116","8986011674520048085"
"40288dee5b476aa5015b566f213301db","0208","粤G56833","14546960159"
"40288dee5b476aa5015b566e471201d9","0207","粤G56340","14546960078"
"40288dee5b476aa5015b566d557a01d7","0206","粤G56828","14546972110"
"40288dee5b476aa5015b566c14ae01d5","0205","粤G58077","8986011674520048079"
"40288dee5b476aa5015b5669018401d3","0203","粤G58182","8986011674520048041"
"40288dee5b476aa5015b56671c5901d1","0201","粤G56540","14546972105"
"40288dee5b476aa5015b5acbf42e02b2","2K01","粤G54281","14546995243"
"40288dee5b476aa5015b5accfa3502b4","2K02","粤G54271","14546995134"
"40288dee5b476aa5015b5acdf67802b6","2K03","粤G54280",""
"40288dee5b476aa5015b5acede4d02b8","2K04","粤G54285","14546995742"
"40288dee5b476aa5015b5ad0631802ba","2K05","粤G54286","14546994915"
"40288dee5b476aa5015b5ad1551a02bc","2K06","粤G54292","14546994954"
"40288dee5b476aa5015b5ad21ccc02be","2K07","粤G54260","14546995774"
"40288dee5b476aa5015b5ad3215802c0","2K08","粤G54282","14546995840"
"40288dee5b476aa5015b5ad3eb2602c2","2K09","粤G54273","14546995499"
"40288dee5b476aa5015b5ad501eb02c4","2K10","粤G54283","14546994918"
"40288dee5b476aa5015b5ad5f01202c6","2K11","粤G54278","14546994961"
"40288dee5b476aa5015b5ad6bfe902c8","2K12","粤G54276","14546995804"
"40288dee5b476aa5015b5ad783f402ca","2K13","粤G54288","14546994890"
"40288dee5b476aa5015b5adaea5e02d2","2K17","粤G56640","14546960191"
"40288dee5b476aa5015b5ad9fb0d02d0","2K16","粤G56852","14546995468"
"40288dee5b476aa5015b5ad9014502ce","2K15","粤G54279","14546995645"
"40288dee5b476aa5015b5ad84aff02cc","2K14","粤G54259",""
"40288dee5b476aa5015b602821ce0573","2802","粤G45910",""
"40288dee5b476aa5015b60272f270571","2801","粤G45836",""
"40288dee5b476aa5015b655f3a070728","2901","粤G47185",""
"40288dee5b476aa5015b655fe5d0072a","29002","粤G47209",""
"40288dee5b476aa5015b6560a4ff072c","29003","粤G47210",""
"40288dee5b476aa5015b65615ff7072e","29004","粤G47197",""
"40288dee5b476aa5015b65621f940730","29005","粤G49039",""
"40288dee5b476aa5015b6562e7630732","29006","粤G47168",""
"40288dee5b476aa5015b656394030734","29007","粤G47176",""
"40288dee5b476aa5015b656434f60736","29008","粤G47171",""
"40288dee5b476aa5015b6564d3a10738","29009","粤G47169",""
"40288dee5b476aa5015b65658dcf073a","29010","粤G49007",""
"40288dee5b476aa5015b65667cd2073c","29011","粤G47170",""
"40288dee5b476aa5015b656724f3073e","29012","粤G47178",""
"40288dee5b476aa5015b656806110740","29013","粤G47149",""
"40288dee5b476aa5015b6568eb790742","29014","粤G47173",""
"40288dee5b476aa5015b6569a6370744","29015","粤G47172",""
"40288dee5b476aa5015b656a607d0746","29016","粤G49022",""
"40288dee5b476aa5015b656b08330748","29017","粤G47798",""
"40288dee5b476aa5015b656bc816074a","29018","粤G47838",""
"40288dee5b476aa5015b6155effe064f","2701","粤G56579","14546971900"
"40288dee5b476aa5015b6156b5450651","2703","粤G56613","14546971890"
"40288dee5b476aa5015b6157712e0653","2705","粤G56611","14529702323"
"40288dee5b476aa5015b6158282c0655","2706","粤G56582","14546971922"
"40288dee5b476aa5015b6158de700657","2707","粤G56563","14546971891"
"40288dee5b476aa5015b615bcd770659","2709","粤G56498","14546971733"
"40288dee5b476aa5015b615cc59f065b","2711","粤G56583","14546971977"
"40288dee5b476aa5015b616d72780681","2713","粤G56829","14546972053"
"40288dee5b476aa5015b616e4c9c0683","2714","粤G56803","14546971428"
"40288dee5b476aa5015b616ef5e00685","2715","粤G56845","14546971628"
"40288dee5b476aa5015b616f9e1a0687","2716","粤G56825","14546971443"
"40288dee5b476aa5015b61705f450689","2717","粤G56801","14546971621"
"40288dee5b476aa5015b6170f885068b","2718","粤G56809","14546971626"
"40288dee5b476aa5015b6171a9c6068d","2719","粤G56820","14546971526"
"40288dee5b476aa5015b6143f5dc063b","2401","粤G56810","14546971517"
"40288dee5b476aa5015b6144bc5d063d","2402","粤G56800","14546971529"
"40288dee5b476aa5015b61458025063f","2403","粤G56832","14546971534"
"40288dee5b476aa5015b614609ca0641","2404","粤G56793","14546971420"
"40288dee5b476aa5015b6146a73f0643","2405","粤G56816","14546971713"
"40288dee5b476aa5015b614761b70645","2406","粤G56862","14546971619"
"40288dee5b476aa5015b6147fbd40647","2407","粤G56787","14546971606"
"40288dee5b476aa5015b6148a7020649","2408","粤G56697","14546971695"
"40288dee5b476aa5015b61495c48064b","2409","粤G56811",""
"40288dee5b476aa5015b6149fb19064d","2410","粤G56869",""
"40288dee5b476aa5015b571383fd026f","2301","粤G56592","14546971883"
"40288dee5b476aa5015b571464250271","2302","粤G56430","14546971723"
"40288dee5b476aa5015b571542c70273","2303","粤G56616",""
"40288dee5b476aa5015b57161a7e0275","2304","粤G56573",""
"40288dee5b476aa5015b5716cbc50277","2305","粤G56557","14546971902"
"40288dee5b476aa5015b57178a680279","2306","粤G56562","14546971946"
"40288dee5b476aa5015b5718c47b027b","2307","粤G56578","14546971916"
"40288dee5b476aa5015b5719759c027d","2308","粤G56598","14546971868"
"40288dee5b476aa5015b57121f69026d","2228","粤G58062","8986011674520048065"
"40288dee5b476aa5015b571168bf026b","2227","粤G58188","8986011674520048066"
"40288dee5b476aa5015b5710a7dd0269","2226","粤G58076","8986011674520048067"
"40288dee5b476aa5015b570f1b700265","2223","粤G58189","8986011674520048038"
"40288dee5b476aa5015b570c803b025f","2220","粤G58099","8986011674520048033"
"40288dee5b476aa5015b570bbf6a025d","2219","粤G58120","8986011674520048035"
"40288dee5b476aa5015b570b1160025b","2218","粤G58097","8986011674520048068"
"40288dee5b476aa5015b570a65f90259","2217","粤G58117","8986011674520048069"
"40288dee5b476aa5015b5709b8690257","2216","粤G58090","8986011674520048070"
"40288dee5b476aa5015b570906e80255","2215","粤G58085","8986011674520048034"
"40288dee5b476aa5015b570854560253","2214","粤G58122","8986011674520048073"
"40288dee5b476aa5015b570762480251","2212","粤G58110","8986011674520048074"
"40288dee5b476aa5015b5706af71024f","2211","粤G58082",""
"40288dee5b476aa5015b5706069a024d","2209","粤G58078","8986011674520048076"
"40288dee5b476aa5015b570550fb024b","2208","粤G58112","8986011674520048077"
"40288dee5b476aa5015b57049e110249","2207","粤G58055","8986011674520048078"
"40288dee5b476aa5015b5703f6cc0247","2206","粤G58061","8986011674520048071"
"40288dee5b476aa5015b5703259b0245","2205","粤G58027","8986011674520048043"
"40288dee5b476aa5015b570273520243","2203","粤G58100","8986011674520048062"
"40288dee5b476aa5015b5701560b0241","2202","粤G58066","8986011674520048050"
"40288dee5b476aa5015b57006d27023f","2201","粤G58106","8986011674520048049"
"40288dee5b476aa5015b56a4c0e8023d","2112","粤G52829",""
"40288dee5b476aa5015b5695aa6c0227","2101","粤G52376","14546995542"
"40288dee5b476aa5015b5696dec00229","2102","粤G52330","14546995640"
"40288dee5b476aa5015b569a3598022d","2104","粤G52338","14546994854"
"40288dee5b476aa5015b569b1397022f","2105","粤G52328","14546995449"
"40288dee5b476aa5015b569bd19a0231","2106","粤G52336","14546994994"
"40288dee5b476aa5015b569ca9ef0233","2107","粤G52170","14546995524"
"40288dee5b476aa5015b569d7a260235","2108","粤G52377",""
"40288dee5b476aa5015b569ed4bd0237","2109","粤G54569","14546994971"
"40288dee5b476aa5015b5b006ccd031a","2010","粤G58121","8986011674520048072"
"40288dee5b476aa5015b5b012b13031c","2011","粤G58470",""
"40288dee5b476aa5015b5b02c9d70320","2013","粤G58555",""
"40288dee5b476aa5015b5b03cb850322","2014","粤G58180","8986011674520048081"
"40288dee5b476aa5015b5b0493fb0324","2015","粤G58070","8986011674520048096"
"40288dee5b476aa5015b5b0547e40326","2016","粤G58052",""
"40288dee5b476aa5015b5af85a2a0308","2001","粤G58127","8986011674520048008"
"40288dee5b476aa5015b5af93c4d030a","2002","粤G58461",""
"40288dee5b476aa5015b5afa29e7030c","2003","粤G58486",""
"40288dee5b476aa5015b5afb0a5e030e","2004","粤G58478",""
"40288dee5b476aa5015b5afbe1860310","2005","粤G58021",""
"40288dee5b476aa5015b5afc9af40312","2006","粤G58361","8986011674520048489"
"40288dee5b476aa5015b5afd906a0314","2007","粤G58382","8986011674520048503"
"40288dee5b476aa5015b5aff509a0318","2009","粤G52300","14546969530"
"40288dee5b476aa5015b5c22ee4d0435","1516","粤G56840","8986011474520008408S"
"40288dee5b476aa5015b5c2251a40433","1515","粤G56879","14546972003"
"40288dee5b476aa5015b5c21a1890431","1514","粤G56900","14546971963"
"40288dee5b476aa5015b5c20ed38042f","1513","粤G56887","14546972015"
"40288dee5b476aa5015b5c204bfd042d","1512","粤G56855","14546971983"
"40288dee5b476aa5015b5c1facb8042b","1511","粤G56899","14546971875"
"40288dee5b476aa5015b5c1f1bfe0429","1510","粤G56893","14546972081"
"40288dee5b476aa5015b5c1e76330427","1509","粤G56913","14546972029"
"40288dee5b476aa5015b5c1ddb0c0425","1508","粤G56928","14546971399"
"40288dee5b476aa5015b5c1d47810423","1507","粤G56878","14546971990"
"40288dee5b476aa5015b5c1c9d120421","1506","粤G56897","14546971974"
"40288dee5b476aa5015b5c1be30c041f","1505","粤G56871","14546971969"
"40288dee5b476aa5015b5c1b2f71041d","1504","粤G56903","14546972022"
"40288dee5b476aa5015b5c1a96ac041b","1503","粤G56813","14546971995"
"40288dee5b476aa5015b5c19dbe00419","1502","粤G56888",""
"40288dee5b476aa5015b5c1920ce0417","1501","粤G56851","14546972032"
"40288dee5b476aa5015b5c16ed5d0413","1317","粤G56169","14546971650"
"40288dee5b476aa5015b5c17aa720415","1318","粤G55941","14546971596"
"40288dee5b476aa5015b5c1645db0411","1316","粤G56177","14546971639"
"40288dee5b476aa5015b5c158613040f","1315","粤G56166","14546971668"
"40288dee5b476aa5015b5c14c547040d","1314","粤G56168","14546971686"
"40288dee5b476aa5015b5c142bfd040b","1313","粤G56183","14546971660"
"40288dee5b476aa5015b5c138e850409","1312","粤G56167","14546971708"
"40288dee5b476aa5015b5c12df160407","1311","粤G55417","14546971598"
"40288dee5b476aa5015b5c11fc680405","1310","粤G56187","14546971659"
"40288dee5b476aa5015b5c11371e0403","1309","粤G56176","14546971617"
"40288dee5b476aa5015b5c10821d0401","1308","粤G56163","14546971709"
"40288dee5b476aa5015b5c0fcb3b03ff","1307","粤G56180","14546971657"
"40288dee5b476aa5015b5c0f125a03fd","1306","粤G56132","14546971658"
"40288dee5b476aa5015b5c0e646f03fb","1305","粤G56159","14546971664"
"40288dee5b476aa5015b5c0dbd0c03f9","1304","粤G56127","14546971688"
"40288dee5b476aa5015b5c0d057303f7","1303","粤G56137","14546971680"
"40288dee5b476aa5015b5c0c41f103f5","1302","粤G56186","14546971683"
"40288dee5b476aa5015b5c06cabc03f3","1301","粤G56148","14546971677"
"40288dee5b476aa5015b609666d70639","1220","粤G58440","8986011626520021179"
"40288dee5b476aa5015b6095d3170637","1219","粤G58416000","8986011626520021155"
"40288dee5b476aa5015b609510b60635","1218","粤G58457","8986011626520021154"
"40288dee5b476aa5015b609475e50633","1217","粤G5847500","8986011674520048353"
"40288dee5b476aa5015b6093d47b0631","1216","粤G58485","8986011674520048492"
"40288dee5b476aa5015b6092fd9d062f","1215","粤G57645","8986011674520048352"
"40288dee5b476aa5015b6092456d062d","1214","粤G58473000","8986011674520048354"
"40288dee5b476aa5015b60919bce062b","1213","粤G56767",""
"40288dee5b476aa5015b6090bffd0629","1212","粤G56782","14546971482"
"40288dee5b476aa5015b60902e3d0627","1211","粤G56421","14546972045"
"40288dee5b476aa5015b608fafb10625","1210","粤G56780","14546971290"
"40288dee5b476aa5015b608ee32f0623","1209","粤G58469","8986011674520048351"
"40288dee5b476aa5015b608e4d060621","1208","粤G58425","8986011674520048367"
"40288dee5b476aa5015b608d9c5f061f","1207","粤G56772","14546972042"
"40288dee5b476aa5015b608d193a061d","1206","粤G56770","14546971305"
"40288dee5b476aa5015b608c8872061b","1205","粤G56776","14546971792"
"40288dee5b476aa5015b608bf0c60619","1204","粤G56720","14546972041"
"40288dee5b476aa5015b608b62cb0617","1203","粤G56715","14546971318"
"40288dee5b476aa5015b608acbb40615","1202","粤G56781","14546971295"
"40288dee5b476aa5015b608a039c0613","1201","粤G58498","8986011674520048491"
"40288dee5b476aa5015b608860350611","1136","粤G58177","8986011674520048093"
"40288dee5b476aa5015b6087625b060f","1135","粤G54701","14546971365"
"40288dee5b476aa5015b60867f2b060d","1134","粤G58181","8986011674520048099"
"40288dee5b476aa5015b6085aacc060b","1133","粤G55998","14546971378"
"40288dee5b476aa5015b608510530609","16005","粤G56472","14546971869"
"40288dee5b476aa5015b608485c10607","1131","粤G55981","14546971392"
"40288dee5b476aa5015b6083ed930605","16003","粤G56556","14529702317"
"40288dee5b476aa5015b60831db10603","1129","粤G55990","14546971368"
"40288dee5b476aa5015b60821c170601","1128","粤G58063","8986011674520048095"
"40288dee5b476aa5015b60818c6905ff","1127","粤G55950","14546995442"
"40288dee5b476aa5015b6080e4f405fd","1126","粤G58192","8986011626520021200"
"40288dee5b476aa5015b60804b5105fb","1125","粤G55989","14546971383"
"40288dee5b476aa5015b607f9c3e05f9","1124","粤G58187","8986011674520048090"
"40288dee5b476aa5015b607f0a7c05f7","1123","粤G55983","14546971370"
"40288dee5b476aa5015b607e6b8b05f5","1122","粤G56160","14546971675"
"40288dee5b476aa5015b607da92005f3","1121","粤G55959","14546971377"
"40288dee5b476aa5015b607cc17c05f1","1120","粤G56179","14546971669"
"40288dee5b476aa5015b607c0c9e05ef","1119","粤G55977","14546971363"
"40288dee5b476aa5015b607b5b7f05ed","1118","粤G58172","8986011674520048091"
"40288dee5b476aa5015b607aa6d905eb","1117","粤G55972","14546971390"
"40288dee5b476aa5015b6079f06805e9","1609","粤G58346","8986011674520048497"
"40288dee5b476aa5015b60796d4805e7","1115","粤G55949","14546971360"
"40288dee5b476aa5015b6078bbb005e5","16011","粤G56451","14546971953"
"40288dee5b476aa5015b6077eb4605e3","1113","粤G55993","14546971376"
"40288dee5b476aa5015b6076d92a05e1","16002","粤G56412","14546971716"
"40288dee5b476aa5015b6073430c05dd","16010","粤G56523","14546971765"
"40288dee5b476aa5015b6072a34305db","1109","粤G55976","14546971278"
"40288dee5b476aa5015b6072030c05d9","1108","粤G56155","14546971671"
"40288dee5b476aa5015b6071554305d7","1107","粤G55996","14546971389"
"40288dee5b476aa5015b60709faa05d5","1106","粤G56158","14546971673"
"40288dee5b476aa5015b606fe1a405d3","1105","粤G55970","14546971352"
"40288dee5b476aa5015b606f3b4105d1","1104","粤G56107","14546971706"
"40288dee5b476aa5015b606e8e2305cf","1103","粤G55980","14546971359"
"40288dee5b476aa5015b606dafd005cd","1102","粤G56178","14546971672"
"40288dee5b476aa5015b606cf0d905cb","1101","粤G55872","14546971351"
"40288dee5b476aa5015b606bb64705c9","1020","粤G56762","14546971510"
"40288dee5b476aa5015b606b1d1805c7","1019","粤G56778","14546971296"
"40288dee5b476aa5015b606a82f005c5","1018","粤G56785","14546971287"
"40288dee5b476aa5015b6069b3b905c3","1017","粤G56771","14546971328"
"40288dee5b476aa5015b6068ec1a05c1","1016","粤G56777","14546971760"
"40288dee5b476aa5015b606852b105bf","1014","粤G56768","14546971509"
"40288dee5b476aa5015b6067c10205bd","1013","粤G56721","14546971292"
"40288dee5b476aa5015b6067368505bb","1012","粤G56756","14546960089"
"40288dee5b476aa5015b6066902905b9","1011","粤G56739","14546971313"
"40288dee5b476aa5015b6066077105b7","1009","粤G56786","14546971308"
"40288dee5b476aa5015b60657fd405b5","1008","粤G56773","14546971455"
"40288dee5b476aa5015b6064e04405b3","1007","粤G56755","14529702297"
"40288dee5b476aa5015b6064575e05b1","1006","粤G56766","14546971312"
"40288dee5b476aa5015b606397b605af","1005","粤G56753","14546971484"
"40288dee5b476aa5015b6062c86e05ad","1004","粤G56732","14529702502"
"40288dee5b476aa5015b6062082005ab","1003","粤G56738","14546971297"
"40288dee5b476aa5015b60615a0705a9","1002","粤G56751","14546971753"
"40288dee5b476aa5015b6060c33b05a7","1001","粤G56728","14546971331"
"40288dee5b915e55015b9162fefd0001","F3270","F32700",""
"40288dee5b932d6a015b9538dcb90007","5905","粤G58310","8986011674520048205"
"40288dee5b9af164015b9b484d8500ad","2222","粤G58068","8986011674520048032"
"40288dee5b9af164015b9b4e3adb00c2","2225","粤G58103","8986011674520048088"
"40288dee5b9af164015b9b7110e50105","2221","粤G58118","8986011674520048031"
"40288dee5b9f5ecf015ba54eb6dd01c8","12336","粤G86895",""
"40288dee5b9f5ecf015ba552abeb01ca","3404","粤G56919","14546960179"
"40288dee5b9f5ecf015ba64cc35101cf","0213","粤G58128","8986011674520048059"
"40288dee5b9f5ecf015bb39fc2e20300","2608","粤G58363","8986011626520021280"
"40288dee5b9f5ecf015bb3a770340304","5304","粤G58369","8986011626520021250"
"40288dee5b9f5ecf015bb3a9a7df0307","5307","粤G58375","8986011626520021247"
"40288dee5b9f5ecf015bb3b12502030c","3716","粤G58358","8986011626520021257"
"40288dee5b9f5ecf015bb3be5868030f","5308","粤G58315","8986011626520021253"
"40288dee5b9f5ecf015bb511206e0314","2605","粤G58329","8986011626520021281"
"40288dee5b9f5ecf015bb761d616032a","5301","粤G58381","8986011626520021288"
"40288dee5b9f5ecf015bb7632822032d","2601","粤G58383","8986011626520021279"
"40288dee5b9f5ecf015bb765fa51032f","3715","粤G58368","8986011626520021256"
"40288dee5b9f5ecf015bb767312f0341","2606","粤G58421","8986011626520021276"
"40288dee5b9f5ecf015bb7683a0a0343","2610","粤G58378","8986011626520021287"
"40288dee5b9f5ecf015bb776ce9a0355","3912","粤G58279","8986011626520021286"
"40288dee5b9f5ecf015bb777e3980357","3914","粤G57340","8986011626520021275"
"40288dee5b9f5ecf015bb781474f0359","3913","粤G58351","8986011626520021285"
"40288dee5b9f5ecf015bb7887977035b","3911","粤G58377","8986011626520021284"
"40288dee5b9f5ecf015bb79d4c080365","2604","粤G58365","8986011626520021283"
"40288dee5b9f5ecf015bb79e24bd0367","2607","粤G58362","8986011626520021278"
"40288dee5b9f5ecf015bb7b493920369","2602","粤G58373","8986011626520021273"
"40288dee5b9f5ecf015bb7ca48d0036b","2603","粤G58370","8986011626520021282"
"40288dee5b9f5ecf015bb7d06cc9036d","2609","粤G58366","8986011626520021274"
"40288dee5b9f5ecf015bdd07145d03cd","47702","粤G47702","8986011674520048127S"
"40288dee5b9f5ecf015c0a5a9a270681","1808","粤G54559",""
"40288dee5b9f5ecf015c0b1a3c6c0765","1801","粤G54557",""
"40288dee5b9f5ecf015c156251100795","3503","粤G58342","14546971605"
"170523202707535","4701","粤G56815","14546972041"
"170523204402491","4704","粤G56743","14546971710"
"170523205233681","4702","粤G56868","14546971396"
"170523220022679","4707","粤G56857","14546971707"
"170524011742962","4708","粤G56835","14546971704"
"170524012108666","0522","粤G123321",""
"170524210714426","1112","粤G58506","8986011626520021194"
"170524213155839","1110","粤G58487","8986011626520021198"
"170524232559125","1114","粤G57415","8986011626520021197"
"170525003558778","1116","粤G56741","8986011626520021200"
"170525032413657","1132","粤G58415","8986011626520021193"
"170525122428840","1111","粤G55952","14546971375"
"170525210642692","1130","粤G58446","8986011626520021191"
"170525210910973","2018","粤G57640",""
"170525211114140","4424","粤G58449","8986011626520021215"
"170525212248365","2111","粤G54576",""
"170525212515708","2019","粤G58409","8986011626520021236"
"170525213442799","4420","粤G58442","8986011626520021216"
"170525214014306","2103","粤G52339","14546994962"
"170525215039588","2K18","粤G56853",""
"170525215643711","4414","粤G56842","8986011626520021219"
"170525222413407","2020","粤G58401","8986011626520021237"
"170525222737531","4423","粤G58408","8986011626520021218"
"170525223757341","4417","粤G58443","8986011626520021217"
"170525224927813","4415","粤G56649","8986011626520021211"
"170525232807890","2012","粤G58075","8986011674520048097"
"170525232931805","4422","粤G58447","8986011626520021213"
"170525234526479","4413","粤G56495","8986011626520021221"
"170526000953597","4421","粤G58430","8986011626520021212"
"170526001819272","4416","粤G56795",""
"170526002134546","2110","粤G52831","14546995450"
"170526013503935","2017","粤G58410",""
"170526105301655","4419","粤G56406",""
"170526120527257","2008","粤G58386","8986011674520048510"
"170526205654439","4314","粤G56866","14546971612"
"170527003837362","4217","粤G58552","8986011626520021156"
"170527011336365","4311","粤G56808","14546971656"
"170527020654471","test2","test",""
"170529131232534","4418","粤G56735","8986011626520021210"
"170531143350709","80721","粤G58257",""
"170531161808390","80720","粤G58258",""
"170531175418202","80722","粤G58206",""
"170531185839547","80724","粤G58251",""
"170531193048692","6308","粤G52348","14546995246"
"170531193746180","6309","粤G52337","14546995458"
"170531194224849","6307","粤G52167",""
"170602093750374","1621","粤G58422","8986011626520021272"
"170602094854896","1622","粤G58390","8986011626520021245"
"170602100247840","1625","粤G58412","8986011626520021260"
"170602101504573","1624","粤G57940","8986011626520021262"
"170602104243316","1619","粤G58376","8986011626520021266"
"170602104759903","4705","粤G56645","14546971700"
"170602105615802","1623","粤G58321","8986011626520021265"
"170602110520564","1620","粤G58388","8986011626520021263"
"170602111341472","1626","粤G58433","8986011626520021264"
"170602112042379","3712","粤G58355","8986011626520021259"
"170602112751632","3713","粤G58353","8986011626520021258"
"170602113016664","3714","粤G58352","8986011626520021261"
"170602114244866","3718","粤G58380","8986011626520021267"
"170602114842289","3711","粤G58360","8986011626520021268"
"170602163756161","80723","粤G58242",""
"170602191815516","lyp","粤Gtest",""
"170609153949174","80728","粤G58201",""
"170609161101721","80730","粤G58259",""
"170609163658265","80726","粤G58245",""
"170613093047756","2021","粤G57543","8986011626520021239S"
"170613095742406","2022","粤G58340","8986011626520021205S"
"170623170634613","80717","粤G58276",""
"170624144849825","80718","粤G58265",""
"170629225754602","ceshi","粤cheshi",""
"170707145429999","5302","粤G58367","8986011626520021252"
"170707145642798","5303","粤G58337","8986011626520021249"
"170707150432680","5305","粤G58322","8986011626520021248"
"170707150551710","5306","粤G58270","8986011626520021251"
"170710161434725","停0","粤G52370",""
"170717153141980","7202","粤G54445",""
"170718115512133","80729","粤G58277","8986011474520008527S"
"170720110054500","0810","粤G56760",""
"170720115602833","3413","粤G56497",""
"170720154256493","80725","粤G58250",""
"170720163126917","80727","粤G58207","8986011474520008522S"
"170724101434497","1519","粤G56880","8986011474520008604S"
"170724105330941","1517","粤G56922",""
"170727160510280","1518","粤G56926",""
"170801223245468","20501","粤G22F12",""
"170801223456271","20502","粤G22F02",""
"170801223629754","20503","粤G18F03",""
"170801223727737","20504","粤G22F80",""
"170801223919335","20505","粤G22F81",""
"170803115206740","ting1","粤G52175",""
"170803170519963","80719","粤G58278",""
"170803180322711","4315","粤G56580",""
"170804164048572","1520","粤G56587","8986011474520008586S"
"170815101343493","7315","粤G56588",""
"170815104658925","7317","粤G56591",""
"170815104825419","7318","粤G56593",""
"170815110540427","7319","粤G56830",""
"170815111932114","7320","粤G56791",""
"170815113608893","2721","粤G56577",""
"170815114704282","2720","粤G56477",""
"170815115436344","2722","粤G56589",""
"170816162608383","11113","粤T1234",""
"170817122808829","4703","粤56802","8986011474520008457S"
"170818103101771","4710","粤G56831","8986011474520008407S"
"170818103556974","4709","粤56823","8986011474520008428S"
"170818111309141","4711","粤56796","8986011474520008467S"
"170818114857600","22004","粤56402","8986011474520008528S"
"170818163945818","22003","粤56517","8986011474520008567S"
"170821154119957","20601","粤G54849","8986011626520021269S"
"170822165520907","20602","粤G54846","8986011474520008512S"
"170827134636844","21002","粤G56886",""
"170827134841309","21004","粤G56902",""
"170828120259275","2723","粤G55742","14546971911"
